{
  "controller/UnloadingByBillofLading.controller.js.map": 1726748982200,
  "controller/CreateConfirmAdhocProduct.controller.js": 1726486271174,
  "model/data1.json": 1726486652597,
  "model/data.json": 1726486652597,
  "controller/WTQueryByWT.controller.js": 1726486271222,
  "controller/WTQueryByWO.controller.js": 1726486271218,
  "controller/WTQueryByHU.controller.js": 1726486271214,
  "controller/UnloadingByTU.controller.js": 1726486271214,
  "controller/UnloadingByShipment.controller.js": 1726486271214,
  "controller/UnloadingByDoor.controller.js": 1726486271214,
  "controller/UnloadingByConsignmentOrder.controller.js": 1726486271210,
  "controller/UnloadingByBillofLading.controller.js": 1726486271206,
  "controller/UnloadingASNDetails.controller.js": 1726486271206,
  "controller/UnloadByDelivery.controller.js": 1726486271202,
  "controller/Supervisor.controller.js": 1726574156926,
  "controller/StockBinQueryByProduct.controller.js": 1726486271202,
  "controller/StockBinQueryByBin.controller.js": 1726486271198,
  "controller/SerialNumberLocation.controller.js": 1726486271198,
  "controller/ResourcePage.controller.js": 1726486271194,
  "controller/RecevingOfHUbyTUorDoor.controller.js": 1726486271194,
  "controller/RecevingOfHUbyManufacturingOrder.controller.js": 1726486271194,
  "controller/RecevingOfHUbyDelivery.controller.js": 1726486271190,
  "controller/Receivingofhubyco.controller.js": 1726486271190,
  "controller/ReceivingofHUbyTU.controller.js": 1726486271186,
  "controller/ReceivingofHUbyShipment.controller.js": 1726486271186,
  "controller/ReceivingofHUbyASN.controller.js": 1726486271186,
  "controller/ReceivingOfHuByDoor.controller.js": 1726486271182,
  "controller/PutawayByWO.controller.js": 1726486271182,
  "controller/PutawayByHU.controller.js": 1726486271178,
  "controller/MaintainHU.controller.js": 1726486271178,
  "controller/InitialScreen.controller.js": 1726486271174,
  "controller/HuQuery.controller.js": 1726486271174,
  "controller/Home.controller.js": 1726722595946,
  "controller/CreateShippingHUWOWC.controller.js": 1726486271174,
  "controller/CreateShippingHU.controller.js": 1726486271174,
  "model/models.js": 1726486652597,
  "controller/CreateConfirmAdhocHu.controller.js": 1726486271170,
  "controller/ChangeResourceGroup.controller.js": 1726486271170,
  "controller/ChangeQueue.controller.js": 1726486271166,
  "controller/BillofLading.controller.js": 1726486271166,
  "controller/BaseController.js": 1726486271166,
  "controller/AvailableHandlingUnitsOnBinQuery.controller.js": 1726486271162,
  "controller/App.controller.js": 1726486298722,
  "controller/AdhocProductWt.controller.js": 1726486271154,
  "controller/AdhocHuWt.controller.js": 1726486271150,
  "manifest.json": 1726748982057,
  "Component.js": 1726483311829,
  "controller/ReceivingOfHuByDoor-dbg.controller.js": 1726486271182,
  "controller/ReceivingOfHuByDoor.controller.js.map": 1726748982194,
  "controller/WTQueryByWT-dbg.controller.js": 1726486271222,
  "controller/WTQueryByWT.controller.js.map": 1726748982174,
  "controller/WTQueryByWO-dbg.controller.js": 1726486271218,
  "controller/WTQueryByWO.controller.js.map": 1726748982190,
  "controller/WTQueryByHU-dbg.controller.js": 1726486271214,
  "controller/WTQueryByHU.controller.js.map": 1726748982179,
  "controller/UnloadingByTU-dbg.controller.js": 1726486271214,
  "controller/UnloadingByTU.controller.js.map": 1726748982186,
  "controller/UnloadingByShipment-dbg.controller.js": 1726486271214,
  "controller/UnloadingByShipment.controller.js.map": 1726748982191,
  "controller/UnloadingByDoor-dbg.controller.js": 1726486271214,
  "controller/UnloadingByDoor.controller.js.map": 1726748982194,
  "controller/UnloadingByConsignmentOrder-dbg.controller.js": 1726486271210,
  "controller/UnloadingByConsignmentOrder.controller.js.map": 1726748982203,
  "controller/UnloadingByBillofLading-dbg.controller.js": 1726486271206,
  "i18n/i18n.properties": 1726486490716,
  "controller/UnloadingASNDetails-dbg.controller.js": 1726486271206,
  "controller/UnloadingASNDetails.controller.js.map": 1726748982204,
  "controller/UnloadByDelivery-dbg.controller.js": 1726486271202,
  "controller/UnloadByDelivery.controller.js.map": 1726748982200,
  "controller/Supervisor-dbg.controller.js": 1726574156926,
  "controller/Supervisor.controller.js.map": 1726748982405,
  "controller/StockBinQueryByProduct-dbg.controller.js": 1726486271202,
  "controller/StockBinQueryByProduct.controller.js.map": 1726748982204,
  "controller/StockBinQueryByBin-dbg.controller.js": 1726486271198,
  "controller/StockBinQueryByBin.controller.js.map": 1726748982208,
  "controller/SerialNumberLocation-dbg.controller.js": 1726486271198,
  "controller/SerialNumberLocation.controller.js.map": 1726748982209,
  "controller/ResourcePage-dbg.controller.js": 1726486271194,
  "controller/ResourcePage.controller.js.map": 1726748982212,
  "controller/RecevingOfHUbyTUorDoor-dbg.controller.js": 1726486271194,
  "controller/RecevingOfHUbyTUorDoor.controller.js.map": 1726748982275,
  "controller/RecevingOfHUbyManufacturingOrder-dbg.controller.js": 1726486271194,
  "controller/RecevingOfHUbyManufacturingOrder.controller.js.map": 1726748982273,
  "controller/RecevingOfHUbyDelivery-dbg.controller.js": 1726486271190,
  "controller/RecevingOfHUbyDelivery.controller.js.map": 1726748982272,
  "controller/Receivingofhubyco-dbg.controller.js": 1726486271190,
  "controller/Receivingofhubyco.controller.js.map": 1726748982276,
  "controller/ReceivingofHUbyTU-dbg.controller.js": 1726486271186,
  "controller/ReceivingofHUbyTU.controller.js.map": 1726748982279,
  "controller/ReceivingofHUbyShipment-dbg.controller.js": 1726486271186,
  "controller/ReceivingofHUbyShipment.controller.js.map": 1726748982282,
  "controller/ReceivingofHUbyASN-dbg.controller.js": 1726486271186,
  "controller/ReceivingofHUbyASN.controller.js.map": 1726748982283,
  "controller/CreateConfirmAdhocProduct-dbg.controller.js": 1726486271174,
  "controller/CreateConfirmAdhocProduct.controller.js.map": 1726748982284,
  "controller/PutawayByWO-dbg.controller.js": 1726486271182,
  "controller/PutawayByWO.controller.js.map": 1726748982286,
  "controller/PutawayByHU-dbg.controller.js": 1726486271178,
  "controller/PutawayByHU.controller.js.map": 1726748982288,
  "controller/MaintainHU-dbg.controller.js": 1726486271178,
  "controller/MaintainHU.controller.js.map": 1726748982286,
  "controller/InitialScreen-dbg.controller.js": 1726486271174,
  "controller/InitialScreen.controller.js.map": 1726748982294,
  "controller/HuQuery-dbg.controller.js": 1726486271174,
  "controller/HuQuery.controller.js.map": 1726748982299,
  "controller/Home-dbg.controller.js": 1726722595946,
  "controller/Home.controller.js.map": 1726748982379,
  "controller/CreateShippingHUWOWC-dbg.controller.js": 1726486271174,
  "controller/CreateShippingHUWOWC.controller.js.map": 1726748982295,
  "controller/CreateShippingHU-dbg.controller.js": 1726486271174,
  "controller/CreateShippingHU.controller.js.map": 1726748982298,
  "model/models-dbg.js": 1726486652597,
  "model/models.js.map": 1726748982299,
  "controller/CreateConfirmAdhocHu-dbg.controller.js": 1726486271170,
  "controller/CreateConfirmAdhocHu.controller.js.map": 1726748982304,
  "controller/ChangeResourceGroup-dbg.controller.js": 1726486271170,
  "controller/ChangeResourceGroup.controller.js.map": 1726748982299,
  "controller/ChangeQueue-dbg.controller.js": 1726486271166,
  "controller/ChangeQueue.controller.js.map": 1726748982300,
  "controller/BillofLading-dbg.controller.js": 1726486271166,
  "controller/BillofLading.controller.js.map": 1726748982307,
  "controller/BaseController-dbg.js": 1726486271166,
  "controller/BaseController.js.map": 1726748982307,
  "controller/AvailableHandlingUnitsOnBinQuery-dbg.controller.js": 1726486271162,
  "controller/AvailableHandlingUnitsOnBinQuery.controller.js.map": 1726748982372,
  "controller/App-dbg.controller.js": 1726486298722,
  "controller/App.controller.js.map": 1726748982308,
  "controller/AdhocProductWt-dbg.controller.js": 1726486271154,
  "controller/AdhocProductWt.controller.js.map": 1726748982372,
  "controller/AdhocHuWt-dbg.controller.js": 1726486271150,
  "controller/AdhocHuWt.controller.js.map": 1726748982374,
  "Component-dbg.js": 1726483311829,
  "Component.js.map": 1726748982375,
  "Component-preload.js": 1726748982729,
  "Component-preload.js.map": 1726748982730,
  "view/WTQueryByWT.view.xml": 1726486750549,
  "view/WTQueryByWO.view.xml": 1726486750549,
  "view/WTQueryByHU.view.xml": 1726486750549,
  "view/UnloadingByTU.view.xml": 1726486750545,
  "view/UnloadingByShipment.view.xml": 1726486750545,
  "view/UnloadingByDoor.view.xml": 1726486750545,
  "view/UnloadingByConsignmentOrder.view.xml": 1726486750545,
  "view/UnloadingByBillofLading.view.xml": 1726486750545,
  "view/UnloadingASNDetails.view.xml": 1726486750545,
  "view/UnloadByDelivery.view.xml": 1726486750545,
  "view/Supervisor.view.xml": 1726486750545,
  "view/StockBinQueryByProduct.view.xml": 1726486750545,
  "view/StockBinQueryByBin.view.xml": 1726486750545,
  "view/SerialNumberLocation.view.xml": 1726486750545,
  "view/ResourcePage.view.xml": 1726486750545,
  "view/RecevingOfHUbyTUorDoor.view.xml": 1726486750545,
  "view/RecevingOfHUbyManufacturingOrder.view.xml": 1726486750545,
  "view/RecevingOfHUbyDelivery.view.xml": 1726486750545,
  "view/Receivingofhubyco.view.xml": 1726486750545,
  "view/ReceivingofHUbyTU.view.xml": 1726486750545,
  "view/ReceivingofHUbyShipment.view.xml": 1726486750545,
  "view/ReceivingofHUbyASN.view.xml": 1726486750545,
  "view/ReceivingOfHuByDoor.view.xml": 1726486750541,
  "view/PutawayByWO.view.xml": 1726486750541,
  "view/PutawayByHU.view.xml": 1726486750541,
  "view/MaintainHU.view.xml": 1726486750541,
  "view/InitialScreen.view.xml": 1726486750541,
  "view/HuQuery.view.xml": 1726486750541,
  "view/Home.view.xml": 1726486750541,
  "view/CreateShippingHUWOWC.view.xml": 1726486750541,
  "view/CreateShippingHU.view.xml": 1726486750541,
  "view/CreateConfirmAdhocProduct.view.xml": 1726486750541,
  "view/CreateConfirmAdhocHu.view.xml": 1726486750541,
  "view/ChangeResourceGroup.view.xml": 1726486750541,
  "view/ChangeQueue.view.xml": 1726486750541,
  "view/BillofLading.view.xml": 1726486750541,
  "view/AvailableHandlingUnitsOnBinQuery.view.xml": 1726486750541,
  "view/App.view.xml": 1726486750541,
  "view/AdhocProductWt.view.xml": 1726486750541,
  "view/AdhocHuWt.view.xml": 1726486750541,
  "fragments/SignUpDetails.fragment.xml": 1726486554820,
  "fragments/SapLogon.fragment.xml": 1726486554820,
  "fragments/Resetpassword.fragment.xml": 1726486554820,
  "fragments/Forgotpassword.fragment.xml": 1726486554820,
  "fragments/ConnecttoSAP.fragment.xml": 1726486554816,
  "fragments/ApproveDetails.fragment.xml": 1726486554816,
  "Images/Artihcus logo.png": 1726486510928,
  "css/style.css": 1726486412627,
  "index.html": 1726483311833
}